{
  "dataset_dir": "dataset\\ml-latest-small",
  "seed": 42,
  "test_ratio": 0.2,
  "split_hash": "b304b43e63d88277254f8d4c8e80af6b7482de6826bbe351e6024091e8297af0",
  "split_source": "cached",
  "train_size": 80672,
  "test_size": 20164,
  "users_train": 610,
  "items_train": 8986,
  "model": "option3_ridge",
  "top_k": 10,
  "topn_relevance": "all_test",
  "min_relevant_rating": 4.0,
  "n_factors": 48,
  "regressor": "ridge",
  "reg_alpha": 0.08,
  "lasso_max_iter": 200,
  "lasso_tol": 0.0001,
  "bias_reg": 8.0,
  "mae": 0.7261913250735269,
  "rmse": 0.9436327806183306,
  "precision": 0.0839344262295082,
  "recall": 0.032515160582637155,
  "f_measure": 0.03977467058690509,
  "ndcg": 0.10576995844789105,
  "best_epoch": 1,
  "best_model_epoch": 1
}