epoch,train_mae,train_rmse
1,0.40223634243011475,0.5857595801353455
