{
  "train_mae": [
    0.40223634243011475
  ],
  "train_rmse": [
    0.5857595801353455
  ]
}