{
  "dataset_dir": "dataset\\ml-latest-small",
  "seed": 42,
  "test_ratio": 0.2,
  "split_hash": "b304b43e63d88277254f8d4c8e80af6b7482de6826bbe351e6024091e8297af0",
  "split_source": "cached",
  "train_size": 80672,
  "test_size": 20164,
  "users_train": 610,
  "items_train": 8986,
  "model": "option4",
  "top_k": 10,
  "topn_relevance": "all_test",
  "min_relevant_rating": 4.0,
  "n_factors": 48,
  "epochs": 15,
  "reg": 0.05,
  "bias_reg": 5.0,
  "mae": 0.9139025083232085,
  "rmse": 1.2092685878658411,
  "precision": 0.035081967213114754,
  "recall": 0.010974194708147216,
  "f_measure": 0.012922969170154576,
  "ndcg": 0.036291177766758546,
  "best_epoch": 15,
  "best_model_epoch": 15
}