{
  "dataset_dir": "dataset\\ml-latest-small",
  "seed": 42,
  "test_ratio": 0.2,
  "split_hash": "b304b43e63d88277254f8d4c8e80af6b7482de6826bbe351e6024091e8297af0",
  "split_source": "cached",
  "train_size": 80672,
  "test_size": 20164,
  "users_train": 610,
  "items_train": 8986,
  "model": "option4",
  "top_k": 10,
  "topn_relevance": "all_test",
  "min_relevant_rating": 4.0,
  "n_factors": 4,
  "epochs": 80,
  "reg": 12.0,
  "bias_reg": 40.0,
  "validation_split": 0.1,
  "early_stopping_patience": 10,
  "mae": 0.6695922364519494,
  "rmse": 0.8672633949177861,
  "precision": 0.13245901639344265,
  "recall": 0.06440503298913965,
  "f_measure": 0.0695213637810504,
  "ndcg": 0.15728590101951204,
  "best_epoch": 80,
  "best_model_epoch": 80
}