{
  "train_mae": [
    0.6797248125076294,
    0.6456863284111023,
    0.6092888116836548,
    0.5969166159629822,
    0.5919222831726074,
    0.589210569858551,
    0.5875145792961121,
    0.586334764957428,
    0.5854876041412354,
    0.584836483001709,
    0.5843169689178467,
    0.5838819742202759,
    0.5835155248641968,
    0.5831834077835083,
    0.5828737020492554,
    0.5825828909873962,
    0.5823060274124146,
    0.5820377469062805,
    0.5817857980728149,
    0.5815775394439697,
    0.5814289450645447,
    0.5813217163085938,
    0.5812433362007141,
    0.5811936855316162,
    0.5811579823493958,
    0.5811342000961304,
    0.5811169743537903,
    0.5811040997505188,
    0.5810946226119995,
    0.5810858011245728,
    0.5810787081718445,
    0.581073522567749,
    0.5810689330101013,
    0.5810645818710327,
    0.581060528755188,
    0.5810566544532776,
    0.5810531973838806,
    0.5810500979423523,
    0.5810470581054688,
    0.5810443758964539,
    0.5810423493385315,
    0.5810403823852539,
    0.5810381770133972,
    0.5810360908508301,
    0.5810340046882629,
    0.5810319185256958,
    0.5810298323631287,
    0.5810278058052063,
    0.5810258388519287,
    0.5810240507125854,
    0.5810225009918213,
    0.581021249294281,
    0.5810199975967407,
    0.5810187458992004,
    0.5810175538063049,
    0.581016480922699,
    0.5810155272483826,
    0.5810145139694214,
    0.5810136198997498,
    0.5810126066207886,
    0.5810118317604065,
    0.5810109376907349,
    0.5810101628303528,
    0.5810093283653259,
    0.5810086131095886,
    0.5810077786445618,
    0.5810070037841797,
    0.5810062885284424,
    0.5810056328773499,
    0.5810049772262573,
    0.5810043215751648,
    0.5810039043426514,
    0.5810034275054932,
    0.581002950668335,
    0.581002414226532,
    0.5810019969940186,
    0.5810015201568604,
    0.5810011029243469,
    0.5810006856918335,
    0.5810003280639648
  ],
  "train_rmse": [
    0.8790345788002014,
    0.8364607095718384,
    0.7931692600250244,
    0.7782052159309387,
    0.7719436883926392,
    0.7684310674667358,
    0.7662116885185242,
    0.7646934390068054,
    0.7635752558708191,
    0.7626971006393433,
    0.7619711756706238,
    0.7613517045974731,
    0.7608069181442261,
    0.7603141069412231,
    0.7598547339439392,
    0.7594156861305237,
    0.758996307849884,
    0.7586066126823425,
    0.7582634687423706,
    0.7579800486564636,
    0.7577588558197021,
    0.757591962814331,
    0.7574689984321594,
    0.7573792934417725,
    0.7573139667510986,
    0.7572664618492126,
    0.7572319507598877,
    0.757206916809082,
    0.7571888566017151,
    0.7571758031845093,
    0.7571665644645691,
    0.7571600079536438,
    0.7571555376052856,
    0.7571524381637573,
    0.7571504712104797,
    0.757149338722229,
    0.7571487426757812,
    0.7571485638618469,
    0.7571486234664917,
    0.7571488618850708,
    0.7571492791175842,
    0.7571498155593872,
    0.7571503520011902,
    0.7571509480476379,
    0.7571515440940857,
    0.757152259349823,
    0.7571529150009155,
    0.7571535706520081,
    0.7571542263031006,
    0.7571548819541931,
    0.7571555376052856,
    0.7571561932563782,
    0.7571567893028259,
    0.7571573853492737,
    0.7571580410003662,
    0.7571585774421692,
    0.7571591734886169,
    0.7571597099304199,
    0.7571603059768677,
    0.7571607828140259,
    0.7571612596511841,
    0.7571617960929871,
    0.7571622133255005,
    0.7571626901626587,
    0.7571632266044617,
    0.7571636438369751,
    0.7571640610694885,
    0.757164478302002,
    0.7571648955345154,
    0.7571653127670288,
    0.7571656703948975,
    0.7571660280227661,
    0.7571663856506348,
    0.7571667432785034,
    0.7571671009063721,
    0.7571674585342407,
    0.7571677565574646,
    0.7571681141853333,
    0.7571683526039124,
    0.757168710231781
  ],
  "val_mae": [
    0.6990365386009216,
    0.6934530735015869,
    0.6906027793884277,
    0.6885952949523926,
    0.6866363883018494,
    0.6850546598434448,
    0.6839290261268616,
    0.6830039024353027,
    0.6821566820144653,
    0.6813856959342957,
    0.6806445717811584,
    0.6800168752670288,
    0.6794443130493164,
    0.6788793802261353,
    0.6783231496810913,
    0.6778075695037842,
    0.6773266196250916,
    0.676836371421814,
    0.6764199733734131,
    0.6760521531105042,
    0.6757379770278931,
    0.6755021810531616,
    0.6753658652305603,
    0.6752740144729614,
    0.6751973628997803,
    0.6751300692558289,
    0.6750632524490356,
    0.6750061511993408,
    0.6749547719955444,
    0.6749072670936584,
    0.6748611927032471,
    0.6748170256614685,
    0.6747746467590332,
    0.6747354865074158,
    0.6746994256973267,
    0.6746654510498047,
    0.6746331453323364,
    0.6746022701263428,
    0.6745734810829163,
    0.6745462417602539,
    0.6745198369026184,
    0.674495279788971,
    0.674471914768219,
    0.6744495034217834,
    0.6744281053543091,
    0.6744074821472168,
    0.6743881106376648,
    0.6743701100349426,
    0.6743528842926025,
    0.674336314201355,
    0.6743210554122925,
    0.6743071675300598,
    0.674294114112854,
    0.6742820739746094,
    0.6742709279060364,
    0.6742603778839111,
    0.6742503643035889,
    0.6742409467697144,
    0.6742317080497742,
    0.6742228865623474,
    0.6742143034934998,
    0.6742060780525208,
    0.6741980910301208,
    0.6741903424263,
    0.6741828918457031,
    0.6741756796836853,
    0.6741686463356018,
    0.674161970615387,
    0.6741554737091064,
    0.6741492748260498,
    0.6741433143615723,
    0.6741374135017395,
    0.6741319894790649,
    0.6741268634796143,
    0.6741220355033875,
    0.6741173267364502,
    0.6741129755973816,
    0.6741088628768921,
    0.6741048693656921,
    0.6741009950637817
  ],
  "val_rmse": [
    0.8980252742767334,
    0.8895796537399292,
    0.887139081954956,
    0.8853247165679932,
    0.8832671046257019,
    0.8814359307289124,
    0.8797478675842285,
    0.8782247304916382,
    0.8768674731254578,
    0.8756688833236694,
    0.874600887298584,
    0.8736261129379272,
    0.8727360963821411,
    0.8718978762626648,
    0.8711105585098267,
    0.8703756928443909,
    0.8697020411491394,
    0.8691063523292542,
    0.8686032891273499,
    0.8681969046592712,
    0.8678792119026184,
    0.8676343560218811,
    0.8674450516700745,
    0.8672965168952942,
    0.8671770691871643,
    0.8670783042907715,
    0.8669952750205994,
    0.8669241666793823,
    0.8668622374534607,
    0.8668075203895569,
    0.8667585849761963,
    0.8667145371437073,
    0.8666742444038391,
    0.8666372895240784,
    0.866603434085846,
    0.8665722012519836,
    0.8665432929992676,
    0.8665165305137634,
    0.8664916157722473,
    0.8664683699607849,
    0.8664467930793762,
    0.8664265871047974,
    0.8664076328277588,
    0.8663898706436157,
    0.8663731813430786,
    0.8663570880889893,
    0.8663418889045715,
    0.8663275837898254,
    0.8663140535354614,
    0.866301417350769,
    0.866289496421814,
    0.8662781715393066,
    0.8662676215171814,
    0.8662575483322144,
    0.8662481904029846,
    0.8662392497062683,
    0.866230845451355,
    0.8662229180335999,
    0.8662154078483582,
    0.8662083745002747,
    0.8662016987800598,
    0.8661953806877136,
    0.8661894798278809,
    0.8661838173866272,
    0.866178572177887,
    0.8661735653877258,
    0.8661689162254333,
    0.8661644458770752,
    0.8661602735519409,
    0.8661563396453857,
    0.8661526441574097,
    0.8661491274833679,
    0.8661458492279053,
    0.866142749786377,
    0.8661398887634277,
    0.8661371469497681,
    0.8661345839500427,
    0.8661321401596069,
    0.8661298751831055,
    0.8661277890205383
  ]
}