{
  "dataset_dir": "dataset\\ml-latest-small",
  "seed": 42,
  "test_ratio": 0.2,
  "split_hash": "b304b43e63d88277254f8d4c8e80af6b7482de6826bbe351e6024091e8297af0",
  "split_source": "cached",
  "train_size": 80672,
  "test_size": 20164,
  "users_train": 610,
  "items_train": 8986,
  "model": "option2",
  "top_k": 10,
  "topn_relevance": "all_test",
  "min_relevant_rating": 4.0,
  "embedding_dim": 48,
  "epochs": 40,
  "batch_size": 256,
  "lr": 0.0008,
  "title_max_len": 15,
  "title_vocab_size": 20000,
  "title_embedding_dim": 32,
  "title_num_filters": 48,
  "genre_max_len": 4,
  "genre_embedding_dim": 12,
  "dropout_rate": 0.25,
  "l2_reg": 1e-05,
  "validation_split": 0.1,
  "lr_plateau_patience": 3,
  "lr_plateau_factor": 0.5,
  "min_lr": 1e-06,
  "rating_weight_power": 1.25,
  "popularity_prior_count": 20.0,
  "mae": 0.6660945000829775,
  "rmse": 0.8921955494269389,
  "precision": 0.02836065573770492,
  "recall": 0.010272361772261528,
  "f_measure": 0.01177485636900493,
  "ndcg": 0.033664314865820964,
  "best_model_epoch": 8,
  "best_model_val_loss": 0.4850364029407501,
  "best_epoch": 8
}