{
  "dataset_dir": "dataset\\ml-latest-small",
  "seed": 42,
  "test_ratio": 0.2,
  "split_hash": "b304b43e63d88277254f8d4c8e80af6b7482de6826bbe351e6024091e8297af0",
  "split_source": "cached",
  "train_size": 80672,
  "test_size": 20164,
  "users_train": 610,
  "items_train": 8986,
  "model": "option2",
  "top_k": 10,
  "topn_relevance": "all_test",
  "min_relevant_rating": 4.0,
  "embedding_dim": 48,
  "epochs": 30,
  "batch_size": 256,
  "lr": 0.001,
  "title_max_len": 15,
  "title_vocab_size": 20000,
  "title_embedding_dim": 32,
  "title_num_filters": 32,
  "genre_max_len": 4,
  "genre_embedding_dim": 8,
  "dropout_rate": 0.15,
  "l2_reg": 1e-06,
  "validation_split": 0.1,
  "lr_plateau_patience": 2,
  "lr_plateau_factor": 0.5,
  "min_lr": 1e-05,
  "rating_weight_power": 1.25,
  "popularity_prior_count": 20.0,
  "mae": 0.67424880360865,
  "rmse": 0.9025086721111648,
  "precision": 0.025737704918032785,
  "recall": 0.009665733112280481,
  "f_measure": 0.01060058600750985,
  "ndcg": 0.03129499867663904,
  "best_model_epoch": 5,
  "best_model_val_loss": 0.4847073256969452,
  "best_epoch": 5
}