{
  "loss": [
    0.5757260322570801,
    0.5176633596420288,
    0.4673125445842743,
    0.41853684186935425,
    0.3881271779537201,
    0.3657383620738983,
    0.34896618127822876,
    0.32872194051742554,
    0.32084938883781433,
    0.3139130771160126,
    0.30627861618995667,
    0.3006942868232727,
    0.2970539629459381,
    0.2941913306713104,
    0.2933115065097809,
    0.29018425941467285,
    0.2901889979839325,
    0.28887373208999634,
    0.2891886532306671,
    0.28896984457969666,
    0.28845927119255066,
    0.28855133056640625,
    0.28744879364967346,
    0.2883375883102417,
    0.2877385914325714,
    0.2880955934524536,
    0.28659045696258545,
    0.2867257297039032,
    0.2867765724658966,
    0.2872445583343506
  ],
  "mae": [
    0.7481932044029236,
    0.7050298452377319,
    0.6580806374549866,
    0.6113988757133484,
    0.5819875597953796,
    0.5598641037940979,
    0.5427424907684326,
    0.5230076313018799,
    0.5144500136375427,
    0.5070662498474121,
    0.4989486038684845,
    0.49313127994537354,
    0.48967352509498596,
    0.48603591322898865,
    0.4853321313858032,
    0.4818851351737976,
    0.4821759760379791,
    0.4806281626224518,
    0.4811331033706665,
    0.48035916686058044,
    0.4804114103317261,
    0.4804280698299408,
    0.4790765941143036,
    0.48028749227523804,
    0.47954222559928894,
    0.47990480065345764,
    0.4778498113155365,
    0.47807103395462036,
    0.4782806932926178,
    0.4785873293876648
  ],
  "rmse": [
    0.9766532182693481,
    0.9406106472015381,
    0.8870241045951843,
    0.8329037427902222,
    0.7994219660758972,
    0.7734147906303406,
    0.753040611743927,
    0.7296584248542786,
    0.7197039723396301,
    0.7106521129608154,
    0.7026220560073853,
    0.6952425241470337,
    0.6911092400550842,
    0.6868042945861816,
    0.6856953501701355,
    0.6821129322052002,
    0.6823509335517883,
    0.6806079745292664,
    0.6813035607337952,
    0.6811349391937256,
    0.6801427006721497,
    0.6798911094665527,
    0.6798190474510193,
    0.6802007555961609,
    0.6788367033004761,
    0.6798883080482483,
    0.6784957647323608,
    0.6776407957077026,
    0.6781327128410339,
    0.6783440709114075
  ],
  "val_loss": [
    0.5326388478279114,
    0.5186010003089905,
    0.4916289448738098,
    0.48540225625038147,
    0.4847073256969452,
    0.48772257566452026,
    0.48858729004859924,
    0.4889371395111084,
    0.49144741892814636,
    0.4867785573005676,
    0.4867883026599884,
    0.48761945962905884,
    0.48819175362586975,
    0.48891645669937134,
    0.48906031250953674,
    0.48933878540992737,
    0.4897117018699646,
    0.48967859148979187,
    0.48981615900993347,
    0.4897851049900055,
    0.4899022877216339,
    0.48988834023475647,
    0.4899170696735382,
    0.4898938536643982,
    0.48998793959617615,
    0.4900481700897217,
    0.4901078939437866,
    0.490183562040329,
    0.49021491408348083,
    0.49026528000831604
  ],
  "val_mae": [
    0.7172970771789551,
    0.7066322565078735,
    0.6794509291648865,
    0.6738356351852417,
    0.6716157793998718,
    0.6719119548797607,
    0.6701438426971436,
    0.6688188314437866,
    0.6707585453987122,
    0.6679009795188904,
    0.6679221987724304,
    0.6683269739151001,
    0.6686097979545593,
    0.669118344783783,
    0.6691421866416931,
    0.6695137619972229,
    0.6697465181350708,
    0.6696449518203735,
    0.6697072386741638,
    0.6696621775627136,
    0.6697553992271423,
    0.6697280406951904,
    0.6696925163269043,
    0.669634222984314,
    0.6697148084640503,
    0.6697838306427002,
    0.6698393225669861,
    0.6698416471481323,
    0.6698392033576965,
    0.6698589324951172
  ],
  "val_rmse": [
    0.9522783756256104,
    0.9416634440422058,
    0.905951201915741,
    0.8979777097702026,
    0.8962682485580444,
    0.8979461789131165,
    0.8966892957687378,
    0.8932567238807678,
    0.8945848345756531,
    0.891676127910614,
    0.8918541073799133,
    0.8924698233604431,
    0.8927854895591736,
    0.893592357635498,
    0.8937627673149109,
    0.8945769667625427,
    0.8950998187065125,
    0.8948891162872314,
    0.8950121402740479,
    0.8949742913246155,
    0.8951346278190613,
    0.8951097726821899,
    0.895048975944519,
    0.8949359059333801,
    0.8950799703598022,
    0.8952028751373291,
    0.8953016400337219,
    0.8952765464782715,
    0.895244300365448,
    0.8952604532241821
  ],
  "learning_rate": [
    0.0010000000474974513,
    0.0010000000474974513,
    0.0010000000474974513,
    0.0010000000474974513,
    0.0010000000474974513,
    0.0010000000474974513,
    0.0010000000474974513,
    0.0005000000237487257,
    0.0005000000237487257,
    0.0002500000118743628,
    0.0002500000118743628,
    0.0001250000059371814,
    0.0001250000059371814,
    6.25000029685907e-05,
    6.25000029685907e-05,
    3.125000148429535e-05,
    3.125000148429535e-05,
    1.5625000742147677e-05,
    1.5625000742147677e-05,
    9.999999747378752e-06,
    9.999999747378752e-06,
    9.999999747378752e-06,
    9.999999747378752e-06,
    9.999999747378752e-06,
    9.999999747378752e-06,
    9.999999747378752e-06,
    9.999999747378752e-06,
    9.999999747378752e-06,
    9.999999747378752e-06,
    9.999999747378752e-06
  ],
  "best_val_epoch": [
    5.0
  ],
  "best_val_loss": [
    0.4847073256969452
  ]
}