epoch,loss,mae,rmse,val_loss,val_mae,val_rmse,learning_rate
1,0.5688250660896301,0.7493460178375244,0.9783753752708435,0.5278511047363281,0.7205037474632263,0.9552029371261597,0.0010000000474974513
2,0.5062494874000549,0.7019944190979004,0.9369767308235168,0.4972422420978546,0.692415177822113,0.9206991195678711,0.0010000000474974513
3,0.4468338191509247,0.64472496509552,0.8688645362854004,0.47425055503845215,0.6706216931343079,0.8915344476699829,0.0010000000474974513
4,0.40213534235954285,0.6010643243789673,0.8193383812904358,0.4744807183742523,0.6684921979904175,0.8907660245895386,0.0010000000474974513
5,0.3736787736415863,0.5731936693191528,0.7871971726417542,0.4798741340637207,0.671955943107605,0.8947251439094543,0.0010000000474974513
6,0.3507004678249359,0.5513380765914917,0.7617794871330261,0.4759824872016907,0.6664837598800659,0.888214111328125,0.0005000000237487257
7,0.33867067098617554,0.5372669696807861,0.7478175759315491,0.4778074324131012,0.6677791476249695,0.8893803358078003,0.0005000000237487257
