{
  "dataset_dir": "dataset\\ml-latest-small",
  "seed": 42,
  "test_ratio": 0.2,
  "split_hash": "b304b43e63d88277254f8d4c8e80af6b7482de6826bbe351e6024091e8297af0",
  "split_source": "cached",
  "train_size": 80672,
  "test_size": 20164,
  "users_train": 610,
  "items_train": 8986,
  "model": "option3",
  "top_k": 10,
  "topn_relevance": "all_test",
  "min_relevant_rating": 4.0,
  "n_factors": 32,
  "regressor": "ridge",
  "reg_alpha": 1.0,
  "lasso_max_iter": 200,
  "lasso_tol": 0.0001,
  "bias_reg": 25.0,
  "mae": 0.7152537313092192,
  "rmse": 0.9317580408405332,
  "precision": 0.1259016393442623,
  "recall": 0.052538930767918414,
  "f_measure": 0.06064618059094969,
  "ndcg": 0.1482069426609439,
  "best_epoch": 1,
  "best_model_epoch": 1
}