{
  "train_mae": [
    0.4639275074005127
  ],
  "train_rmse": [
    0.6594125032424927
  ]
}