{
  "train_mae": [
    0.4594291150569916
  ],
  "train_rmse": [
    0.6503865122795105
  ]
}