epoch,train_mae,train_rmse
1,0.4594291150569916,0.6503865122795105
