epoch,train_mae,train_rmse
1,0.4639275074005127,0.6594125032424927
