{
  "dataset_dir": "dataset\\ml-latest-small",
  "seed": 42,
  "test_ratio": 0.2,
  "split_hash": "b304b43e63d88277254f8d4c8e80af6b7482de6826bbe351e6024091e8297af0",
  "split_source": "cached",
  "train_size": 80672,
  "test_size": 20164,
  "users_train": 610,
  "items_train": 8986,
  "model": "option3_lasso",
  "top_k": 10,
  "topn_relevance": "all_test",
  "min_relevant_rating": 4.0,
  "n_factors": 32,
  "regressor": "lasso",
  "reg_alpha": 0.05,
  "lasso_max_iter": 1000,
  "lasso_tol": 1e-05,
  "bias_reg": 10.0,
  "mae": 0.7088729068939694,
  "rmse": 0.9201160240941749,
  "precision": 0.0760655737704918,
  "recall": 0.023358717859238355,
  "f_measure": 0.030294295030850182,
  "ndcg": 0.08888585507391764,
  "best_epoch": 1,
  "best_model_epoch": 1
}