{
  "dataset_dir": "dataset\\ml-latest-small",
  "seed": 42,
  "test_ratio": 0.2,
  "split_hash": "b304b43e63d88277254f8d4c8e80af6b7482de6826bbe351e6024091e8297af0",
  "split_source": "cached",
  "train_size": 80672,
  "test_size": 20164,
  "users_train": 610,
  "items_train": 8986,
  "model": "option3_lasso",
  "top_k": 10,
  "topn_relevance": "all_test",
  "min_relevant_rating": 4.0,
  "n_factors": 32,
  "regressor": "lasso",
  "reg_alpha": 0.001,
  "lasso_max_iter": 2000,
  "lasso_tol": 0.0001,
  "bias_reg": 25.0,
  "mae": 0.7151692211692742,
  "rmse": 0.9315353085857183,
  "precision": 0.1257377049180328,
  "recall": 0.05252402350381069,
  "f_measure": 0.06062614976063966,
  "ndcg": 0.14776450324148432,
  "best_epoch": 1,
  "best_model_epoch": 1
}