{
  "train_mae": [
    0.4640408754348755
  ],
  "train_rmse": [
    0.659574031829834
  ]
}