epoch,train_mae,train_rmse
1,0.4640408754348755,0.659574031829834
