{
  "train_mae": [
    0.50393146276474
  ],
  "train_rmse": [
    0.6808724403381348
  ]
}