epoch,train_mae,train_rmse
1,0.50393146276474,0.6808724403381348
