{
  "dataset_dir": "dataset\\ml-latest-small",
  "train_size": 80672,
  "test_size": 20164,
  "users_train": 610,
  "items_train": 8986,
  "model": "matrix_factorization_sgd",
  "n_factors": 48,
  "epochs": 30,
  "lr": 0.01,
  "reg": 0.05,
  "lr_decay": 0.98,
  "top_k": 10,
  "mae": 0.6580660828125414,
  "rmse": 0.8616501334881229,
  "precision": 0.040819672131147546,
  "recall": 0.01678872309368113,
  "f_measure": 0.018614486347465896,
  "ndcg": 0.04477738902321485
}