{
  "dataset_dir": "dataset\\ml-latest-small",
  "seed": 42,
  "test_ratio": 0.2,
  "split_hash": "b304b43e63d88277254f8d4c8e80af6b7482de6826bbe351e6024091e8297af0",
  "split_source": "cached",
  "train_size": 80672,
  "test_size": 20164,
  "users_train": 610,
  "items_train": 8986,
  "model": "option1",
  "top_k": 10,
  "topn_relevance": "all_test",
  "min_relevant_rating": 4.0,
  "n_factors": 48,
  "epochs": 50,
  "lr": 0.005,
  "reg": 0.04,
  "lr_decay": 0.96,
  "validation_split": 0.1,
  "early_stopping_patience": 8,
  "mae": 0.6696604612958029,
  "rmse": 0.8732377069042506,
  "precision": 0.06032786885245901,
  "recall": 0.025237040632877412,
  "f_measure": 0.028231310069769817,
  "ndcg": 0.06578830026443802,
  "best_epoch": 50,
  "best_model_epoch": 50
}