{
  "dataset_dir": "dataset\\ml-latest-small",
  "seed": 42,
  "test_ratio": 0.2,
  "split_hash": "b304b43e63d88277254f8d4c8e80af6b7482de6826bbe351e6024091e8297af0",
  "split_source": "generated",
  "train_size": 80672,
  "test_size": 20164,
  "users_train": 610,
  "items_train": 8986,
  "model": "option1",
  "top_k": 10,
  "topn_relevance": "all_test",
  "min_relevant_rating": 4.0,
  "n_factors": 48,
  "epochs": 30,
  "lr": 0.01,
  "reg": 0.05,
  "lr_decay": 0.98,
  "validation_split": 0.1,
  "early_stopping_patience": 3,
  "mae": 0.6625151690642818,
  "rmse": 0.8668234734205092,
  "precision": 0.038688524590163934,
  "recall": 0.01443153190329136,
  "f_measure": 0.01637702597553333,
  "ndcg": 0.04430782627059342,
  "best_epoch": 28
}